{ "date": "1452569410000", "title": "Молитва за социальные сферы общества", "description": "Добро пожаловать на молитву за социальные сферы общества", "url": "http://newlife.ru/page.php?page=httpnewliferumolitvavt" },
{ "date": "1452605410000", "title": "Домашние группы", "description": "Добро пожаловать на домашние группы", "url": "" },
{ "date": "1452652210000", "title": "Молитва поклонения Словом и ходатайство", "description": "Добро пожаловать на молитву поклонения Словом и ходатайство", "url": "" },
{ "date": "1452690010000", "title": "Молодежное служение", "description": "Добро пожаловать на молодежное служение", "url": "" },
{ "date": "1452693610000", "title": "Женское служение «Свобода матери»", "description": "Добро пожаловать на женское служение «Свобода матери»", "url": "" },
{ "date": "1452742210000", "title": "Ходатайственная молитва", "description": "Добро пожаловать на ходатайственную молитву", "url": "http://newlife.ru/page.php?page=hodataystvo" },
{ "date": "1452774610000", "title": "Молитва поклонения Словом и ходатайства", "description": "Добро пожаловать на молитву поклонения Словом и ходатайства", "url": "" },
{ "date": "1452780010000", "title": "Общецерковное богослужение", "description": "Добро пожаловать на общецерковное богослужение", "url": "" },
{ "date": "1452828610000", "title": "Молитва «Внутреннее созерцание в тишине»", "description": "Добро пожаловать на молитву «Внутреннее созерцание в тишине»", "url": "" },
{ "date": "1452920410000", "title": "Молитва поклонения Словом и ходатайства", "description": "Добро пожаловать на молитву поклонения Словом и ходатайства", "url": "" },
{ "date": "1453010410000", "title": "Воскресное богослужение", "description": "Добро пожаловать на воскресное богослужение", "url": "" },
{ "date": "1453087810000", "title": "Молитва «Внутреннее созерцание в тишине»", "description": "Добро пожаловать на молитву «Внутреннее созерцание в тишине»", "url": "" },
{ "date": "1453174210000", "title": "Молитва за социальные сферы общества", "description": "Добро пожаловать на молитву за социальные сферы общества", "url": "http://newlife.ru/page.php?page=httpnewliferumolitvavt" },
{ "date": "1453210210000", "title": "Домашние группы", "description": "Добро пожаловать на домашние группы", "url": "" },
{ "date": "1453257010000", "title": "Молитва поклонения Словом и ходатайство", "description": "Добро пожаловать на молитву поклонения Словом и ходатайство", "url": "" },
{ "date": "1453294810000", "title": "Молодежное служение", "description": "Добро пожаловать на молодежное служение", "url": "" },
{ "date": "1453298410000", "title": "Женское служение «Свобода матери»", "description": "Добро пожаловать на женское служение «Свобода матери»", "url": "" },
{ "date": "1453347010000", "title": "Ходатайственная молитва", "description": "Добро пожаловать на ходатайственную молитву", "url": "http://newlife.ru/page.php?page=hodataystvo" },
{ "date": "1453379410000", "title": "Молитва поклонения Словом и ходатайства", "description": "Добро пожаловать на молитву поклонения Словом и ходатайства", "url": "" },
{ "date": "1453384810000", "title": "Общецерковное богослужение", "description": "Добро пожаловать на общецерковное богослужение", "url": "" },
{ "date": "1453433410000", "title": "Молитва «Внутреннее созерцание в тишине»", "description": "Добро пожаловать на молитву «Внутреннее созерцание в тишине»", "url": "" },
{ "date": "1453525210000", "title": "Молитва поклонения Словом и ходатайства", "description": "Добро пожаловать на молитву поклонения Словом и ходатайства", "url": "" },
{ "date": "1453615210000", "title": "Воскресное богослужение", "description": "Добро пожаловать на воскресное богослужение", "url": "" },
{ "date": "1453692610000", "title": "Молитва «Внутреннее созерцание в тишине»", "description": "Добро пожаловать на молитву «Внутреннее созерцание в тишине»", "url": "" },
{ "date": "1453779010000", "title": "Молитва за социальные сферы общества", "description": "Добро пожаловать на молитву за социальные сферы общества", "url": "http://newlife.ru/page.php?page=httpnewliferumolitvavt" },
{ "date": "1453815010000", "title": "Домашние группы", "description": "Добро пожаловать на домашние группы", "url": "" },
{ "date": "1453861810000", "title": "Молитва поклонения Словом и ходатайство", "description": "Добро пожаловать на молитву поклонения Словом и ходатайство", "url": "" },
{ "date": "1453899610000", "title": "Молодежное служение", "description": "Добро пожаловать на молодежное служение", "url": "" },
{ "date": "1453903210000", "title": "Женское служение «Свобода матери»", "description": "Добро пожаловать на женское служение «Свобода матери»", "url": "" },
{ "date": "1453951810000", "title": "Ходатайственная молитва", "description": "Добро пожаловать на ходатайственную молитву", "url": "http://newlife.ru/page.php?page=hodataystvo" },
{ "date": "1453984210000", "title": "Молитва поклонения Словом и ходатайства", "description": "Добро пожаловать на молитву поклонения Словом и ходатайства", "url": "" },
{ "date": "1453989610000", "title": "Общецерковное богослужение", "description": "Добро пожаловать на общецерковное богослужение", "url": "" },
{ "date": "1454038210000", "title": "Молитва «Внутреннее созерцание в тишине»", "description": "Добро пожаловать на молитву «Внутреннее созерцание в тишине»", "url": "" },
{ "date": "1454130010000", "title": "Молитва поклонения Словом и ходатайства", "description": "Добро пожаловать на молитву поклонения Словом и ходатайства", "url": "" },
{ "date": "1454220010000", "title": "Воскресное богослужение", "description": "Добро пожаловать на воскресное богослужение", "url": "" },
{ "date": "1454297410000", "title": "Молитва «Внутреннее созерцание в тишине»", "description": "Добро пожаловать на молитву «Внутреннее созерцание в тишине»", "url": "" },
{ "date": "1454383810000", "title": "Молитва за социальные сферы общества", "description": "Добро пожаловать на молитву за социальные сферы общества", "url": "http://newlife.ru/page.php?page=httpnewliferumolitvavt" },
{ "date": "1454419810000", "title": "Домашние группы", "description": "Добро пожаловать на домашние группы", "url": "" },
{ "date": "1454466610000", "title": "Молитва поклонения Словом и ходатайство", "description": "Добро пожаловать на молитву поклонения Словом и ходатайство", "url": "" },
{ "date": "1454504410000", "title": "Молодежное служение", "description": "Добро пожаловать на молодежное служение", "url": "" },
{ "date": "1454508010000", "title": "Женское служение «Свобода матери»", "description": "Добро пожаловать на женское служение «Свобода матери»", "url": "" },
{ "date": "1454556610000", "title": "Ходатайственная молитва", "description": "Добро пожаловать на ходатайственную молитву", "url": "http://newlife.ru/page.php?page=hodataystvo" },
{ "date": "1454589010000", "title": "Молитва поклонения Словом и ходатайства", "description": "Добро пожаловать на молитву поклонения Словом и ходатайства", "url": "" },
{ "date": "1454594410000", "title": "Общецерковное богослужение", "description": "Добро пожаловать на общецерковное богослужение", "url": "" },
{ "date": "1454643010000", "title": "Молитва «Внутреннее созерцание в тишине»", "description": "Добро пожаловать на молитву «Внутреннее созерцание в тишине»", "url": "" },
{ "date": "1454734810000", "title": "Молитва поклонения Словом и ходатайства", "description": "Добро пожаловать на молитву поклонения Словом и ходатайства", "url": "" },
{ "date": "1454824810000", "title": "Воскресное богослужение", "description": "Добро пожаловать на воскресное богослужение", "url": "" },
{ "date": "1454902210000", "title": "Молитва «Внутреннее созерцание в тишине»", "description": "Добро пожаловать на молитву «Внутреннее созерцание в тишине»", "url": "" },
{ "date": "1454988610000", "title": "Молитва за социальные сферы общества", "description": "Добро пожаловать на молитву за социальные сферы общества", "url": "http://newlife.ru/page.php?page=httpnewliferumolitvavt" },
{ "date": "1455024610000", "title": "Домашние группы", "description": "Добро пожаловать на домашние группы", "url": "" },
{ "date": "1455071410000", "title": "Молитва поклонения Словом и ходатайство", "description": "Добро пожаловать на молитву поклонения Словом и ходатайство", "url": "" },
{ "date": "1455109210000", "title": "Молодежное служение", "description": "Добро пожаловать на молодежное служение", "url": "" },
{ "date": "1455112810000", "title": "Женское служение «Свобода матери»", "description": "Добро пожаловать на женское служение «Свобода матери»", "url": "" },
{ "date": "1455161410000", "title": "Ходатайственная молитва", "description": "Добро пожаловать на ходатайственную молитву", "url": "http://newlife.ru/page.php?page=hodataystvo" },
{ "date": "1455193810000", "title": "Молитва поклонения Словом и ходатайства", "description": "Добро пожаловать на молитву поклонения Словом и ходатайства", "url": "" },
{ "date": "1455199210000", "title": "Общецерковное богослужение", "description": "Добро пожаловать на общецерковное богослужение", "url": "" },
{ "date": "1455247810000", "title": "Молитва «Внутреннее созерцание в тишине»", "description": "Добро пожаловать на молитву «Внутреннее созерцание в тишине»", "url": "" },
{ "date": "1455339610000", "title": "Молитва поклонения Словом и ходатайства", "description": "Добро пожаловать на молитву поклонения Словом и ходатайства", "url": "" },
{ "date": "1455429610000", "title": "Воскресное богослужение", "description": "Добро пожаловать на воскресное богослужение", "url": "" },
{ "date": "1455507010000", "title": "Молитва «Внутреннее созерцание в тишине»", "description": "Добро пожаловать на молитву «Внутреннее созерцание в тишине»", "url": "" },
{ "date": "1455593410000", "title": "Молитва за социальные сферы общества", "description": "Добро пожаловать на молитву за социальные сферы общества", "url": "http://newlife.ru/page.php?page=httpnewliferumolitvavt" },
{ "date": "1455629410000", "title": "Домашние группы", "description": "Добро пожаловать на домашние группы", "url": "" },
{ "date": "1455676210000", "title": "Молитва поклонения Словом и ходатайство", "description": "Добро пожаловать на молитву поклонения Словом и ходатайство", "url": "" },
{ "date": "1455714010000", "title": "Молодежное служение", "description": "Добро пожаловать на молодежное служение", "url": "" },
{ "date": "1455766210000", "title": "Ходатайственная молитва", "description": "Добро пожаловать на ходатайственную молитву", "url": "http://newlife.ru/page.php?page=hodataystvo" },
{ "date": "1455798610000", "title": "Молитва поклонения Словом и ходатайства", "description": "Добро пожаловать на молитву поклонения Словом и ходатайства", "url": "" },
{ "date": "1455804010000", "title": "Общецерковное богослужение", "description": "Добро пожаловать на общецерковное богослужение", "url": "" },
{ "date": "1455852610000", "title": "Молитва «Внутреннее созерцание в тишине»", "description": "Добро пожаловать на молитву «Внутреннее созерцание в тишине»", "url": "" },
{ "date": "1455944410000", "title": "Молитва поклонения Словом и ходатайства", "description": "Добро пожаловать на молитву поклонения Словом и ходатайства", "url": "" },
{ "date": "1456034410000", "title": "Воскресное богослужение", "description": "Добро пожаловать на воскресное богослужение", "url": "" },
{ "date": "1456111810000", "title": "Молитва «Внутреннее созерцание в тишине»", "description": "Добро пожаловать на молитву «Внутреннее созерцание в тишине»", "url": "" },
{ "date": "1456198210000", "title": "Молитва за социальные сферы общества", "description": "Добро пожаловать на молитву за социальные сферы общества", "url": "http://newlife.ru/page.php?page=httpnewliferumolitvavt" },
{ "date": "1456234210000", "title": "Домашние группы", "description": "Добро пожаловать на домашние группы", "url": "" },
{ "date": "1456281010000", "title": "Молитва поклонения Словом и ходатайство", "description": "Добро пожаловать на молитву поклонения Словом и ходатайство", "url": "" },
{ "date": "1456318810000", "title": "Молодежное служение", "description": "Добро пожаловать на молодежное служение", "url": "" },
{ "date": "1456322410000", "title": "Женское служение «Свобода матери»", "description": "Добро пожаловать на женское служение «Свобода матери»", "url": "" },
{ "date": "1456371010000", "title": "Ходатайственная молитва", "description": "Добро пожаловать на ходатайственную молитву", "url": "http://newlife.ru/page.php?page=hodataystvo" },
{ "date": "1456403410000", "title": "Молитва поклонения Словом и ходатайства", "description": "Добро пожаловать на молитву поклонения Словом и ходатайства", "url": "" },
{ "date": "1456408810000", "title": "Общецерковное богослужение", "description": "Добро пожаловать на общецерковное богослужение", "url": "" },
{ "date": "1456457410000", "title": "Молитва «Внутреннее созерцание в тишине»", "description": "Добро пожаловать на молитву «Внутреннее созерцание в тишине»", "url": "" },
{ "date": "1456549210000", "title": "Молитва поклонения Словом и ходатайства", "description": "Добро пожаловать на молитву поклонения Словом и ходатайства", "url": "" },
{ "date": "1456639210000", "title": "Воскресное богослужение", "description": "Добро пожаловать на воскресное богослужение", "url": "" },
{ "date": "1456716610000", "title": "Молитва «Внутреннее созерцание в тишине»", "description": "Добро пожаловать на молитву «Внутреннее созерцание в тишине»", "url": "http://newlife.ru/page.php?page=sozercanie" },
{ "date": "1456803010000", "title": "Молитва за социальные сферы общества", "description": "Добро пожаловать на молитву за социальные сферы общества", "url": "http://newlife.ru/page.php?page=httpnewliferumolitvavt" },
{ "date": "1456839010000", "title": "Домашние группы", "description": "Добро пожаловать на домашние группы", "url": "http://newlife.ru/page.php?page=domgr" },
{ "date": "1456885810000", "title": "Молитва поклонения Словом и ходатайство", "description": "Добро пожаловать на молитву поклонения Словом и ходатайство", "url": "http://newlife.ru/page.php?page=ihop" },
{ "date": "1456923610000", "title": "Молодежное служение", "description": "Добро пожаловать на молодежное служение", "url": "http://newlife.ru/page.php?page=youth" },
{ "date": "1456927210000", "title": "Женское служение «Свобода матери»", "description": "Добро пожаловать на женское служение «Свобода матери»", "url": "http://newlife.ru/page.php?page=ghenskoeslughenie" },
{ "date": "1456975810000", "title": "Ходатайственная молитва", "description": "Добро пожаловать на ходатайственную молитву", "url": "http://newlife.ru/page.php?page=hodataystvo" },
{ "date": "1457008210000", "title": "Молитва поклонения Словом и ходатайства", "description": "Добро пожаловать на молитву поклонения Словом и ходатайства", "url": "http://newlife.ru/page.php?page=ihop" },
{ "date": "1457013610000", "title": "Общецерковное богослужение", "description": "Добро пожаловать на общецерковное богослужение", "url": "http://newlife.ru/page.php?page=obshecerkovnye-slugheniya" },
{ "date": "1457062210000", "title": "Молитва «Внутреннее созерцание в тишине»", "description": "Добро пожаловать на молитву «Внутреннее созерцание в тишине»", "url": "http://newlife.ru/page.php?page=sozercanie" },
{ "date": "1457154010000", "title": "Молитва поклонения Словом и ходатайства", "description": "Добро пожаловать на молитву поклонения Словом и ходатайства", "url": "http://newlife.ru/page.php?page=ihop" },
{ "date": "1457244010000", "title": "Воскресное богослужение", "description": "Добро пожаловать на воскресное богослужение", "url": "http://newlife.ru/page.php?page=obshecerkovnye-slugheniya" },
{ "date": "1457321410000", "title": "Молитва «Внутреннее созерцание в тишине»", "description": "Добро пожаловать на молитву «Внутреннее созерцание в тишине»", "url": "http://newlife.ru/page.php?page=sozercanie" },
{ "date": "1457407810000", "title": "Молитва за социальные сферы общества", "description": "Добро пожаловать на молитву за социальные сферы общества", "url": "http://newlife.ru/page.php?page=httpnewliferumolitvavt" },
{ "date": "1457443810000", "title": "Домашние группы", "description": "Добро пожаловать на домашние группы", "url": "http://newlife.ru/page.php?page=domgr" },
{ "date": "1457490610000", "title": "Молитва поклонения Словом и ходатайство", "description": "Добро пожаловать на молитву поклонения Словом и ходатайство", "url": "http://newlife.ru/page.php?page=ihop" },
{ "date": "1457528410000", "title": "Молодежное служение", "description": "Добро пожаловать на молодежное служение", "url": "http://newlife.ru/page.php?page=youth" },
{ "date": "1457532010000", "title": "Женское служение «Свобода матери»", "description": "Добро пожаловать на женское служение «Свобода матери»", "url": "http://newlife.ru/page.php?page=ghenskoeslughenie" },
{ "date": "1457580610000", "title": "Ходатайственная молитва", "description": "Добро пожаловать на ходатайственную молитву", "url": "http://newlife.ru/page.php?page=hodataystvo" },
{ "date": "1457613010000", "title": "Молитва поклонения Словом и ходатайства", "description": "Добро пожаловать на молитву поклонения Словом и ходатайства", "url": "http://newlife.ru/page.php?page=ihop" },
{ "date": "1457618410000", "title": "Общецерковное богослужение", "description": "Добро пожаловать на общецерковное богослужение", "url": "http://newlife.ru/page.php?page=obshecerkovnye-slugheniya" },
{ "date": "1457667010000", "title": "Молитва «Внутреннее созерцание в тишине»", "description": "Добро пожаловать на молитву «Внутреннее созерцание в тишине»", "url": "http://newlife.ru/page.php?page=sozercanie" },
{ "date": "1457758810000", "title": "Молитва поклонения Словом и ходатайства", "description": "Добро пожаловать на молитву поклонения Словом и ходатайства", "url": "http://newlife.ru/page.php?page=ihop" },
{ "date": "1457848810000", "title": "Воскресное богослужение", "description": "Добро пожаловать на воскресное богослужение", "url": "http://newlife.ru/page.php?page=obshecerkovnye-slugheniya" },
{ "date": "1457926210000", "title": "Молитва «Внутреннее созерцание в тишине»", "description": "Добро пожаловать на молитву «Внутреннее созерцание в тишине»", "url": "http://newlife.ru/page.php?page=sozercanie" },
{ "date": "1458012610000", "title": "Молитва за социальные сферы общества", "description": "Добро пожаловать на молитву за социальные сферы общества", "url": "" },
{ "date": "1458048610000", "title": "Домашние группы", "description": "Добро пожаловать на домашние группы", "url": "http://newlife.ru/page.php?page=domgr" },
{ "date": "1458095410000", "title": "Молитва поклонения Словом и ходатайство", "description": "Добро пожаловать на молитву поклонения Словом и ходатайство", "url": "http://newlife.ru/page.php?page=ihop" },
{ "date": "1458133210000", "title": "Молодежное служение", "description": "Добро пожаловать на молодежное служение", "url": "http://newlife.ru/page.php?page=youth" },
{ "date": "1458136810000", "title": "Женское служение «Свобода матери»", "description": "Добро пожаловать на женское служение «Свобода матери»", "url": "http://newlife.ru/page.php?page=ghenskoeslughenie" },
{ "date": "1458185410000", "title": "Ходатайственная молитва", "description": "Добро пожаловать на ходатайственную молитву", "url": "http://newlife.ru/page.php?page=hodataystvo" },
{ "date": "1458217810000", "title": "Молитва поклонения Словом и ходатайства", "description": "Добро пожаловать на молитву поклонения Словом и ходатайства", "url": "http://newlife.ru/page.php?page=ihop" },
{ "date": "1458223210000", "title": "Общецерковное богослужение", "description": "Добро пожаловать на общецерковное богослужение", "url": "http://newlife.ru/page.php?page=obshecerkovnye-slugheniya" },
{ "date": "1458271810000", "title": "Молитва «Внутреннее созерцание в тишине»", "description": "Добро пожаловать на молитву «Внутреннее созерцание в тишине»", "url": "http://newlife.ru/page.php?page=sozercanie" },
{ "date": "1458363610000", "title": "Молитва поклонения Словом и ходатайства", "description": "Добро пожаловать на молитву поклонения Словом и ходатайства", "url": "http://newlife.ru/page.php?page=ihop" },
{ "date": "1458453610000", "title": "Воскресное богослужение", "description": "Добро пожаловать на воскресное богослужение", "url": "http://newlife.ru/page.php?page=obshecerkovnye-slugheniya" },
{ "date": "1455890410000", "title": "Молодежный альфа-курс", "description": "Добро пожаловать на молодежный альфа-курс", "url": "http://newlife.ru/page.php?page=alpha-youth" },
{ "date": "1458531010000", "title": "Молитва «Внутреннее созерцание в тишине»", "description": "Добро пожаловать на молитву «Внутреннее созерцание в тишине»", "url": "http://newlife.ru/page.php?page=sozercanie" },
{ "date": "1458617410000", "title": "Молитва за социальные сферы общества", "description": "Добро пожаловать на молитву за социальные сферы общества", "url": "http://newlife.ru/page.php?page=httpnewliferumolitvavt" },
{ "date": "1458653410000", "title": "Домашние группы", "description": "Добро пожаловать на домашние группы", "url": "http://newlife.ru/page.php?page=domgr" },
{ "date": "1458700210000", "title": "Молитва поклонения Словом и ходатайство", "description": "Добро пожаловать на молитву поклонения Словом и ходатайство", "url": "http://newlife.ru/page.php?page=ihop" },
{ "date": "1458738010000", "title": "Молодежное служение", "description": "Добро пожаловать на молодежное служение", "url": "http://newlife.ru/page.php?page=youth" },
{ "date": "1458741610000", "title": "Женское служение «Свобода матери»", "description": "Добро пожаловать на женское служение «Свобода матери»", "url": "http://newlife.ru/page.php?page=ghenskoeslughenie" },
{ "date": "1458790210000", "title": "Ходатайственная молитва", "description": "Добро пожаловать на ходатайственную молитву", "url": "http://newlife.ru/page.php?page=hodataystvo" },
{ "date": "1458822610000", "title": "Молитва поклонения Словом и ходатайства", "description": "Добро пожаловать на молитву поклонения Словом и ходатайства", "url": "http://newlife.ru/page.php?page=ihop" },
{ "date": "1458828010000", "title": "Общецерковное богослужение", "description": "Добро пожаловать на общецерковное богослужение", "url": "http://newlife.ru/page.php?page=obshecerkovnye-slugheniya" },
{ "date": "1458876610000", "title": "Молитва «Внутреннее созерцание в тишине»", "description": "Добро пожаловать на молитву «Внутреннее созерцание в тишине»", "url": "http://newlife.ru/page.php?page=sozercanie" },
{ "date": "1458968410000", "title": "Молитва поклонения Словом и ходатайства", "description": "Добро пожаловать на молитву поклонения Словом и ходатайства", "url": "http://newlife.ru/page.php?page=ihop" },
{ "date": "1459058410000", "title": "Воскресное богослужение", "description": "Добро пожаловать на воскресное богослужение", "url": "http://newlife.ru/page.php?page=obshecerkovnye-slugheniya" },
{ "date": "1459135810000", "title": "Молитва «Внутреннее созерцание в тишине»", "description": "Добро пожаловать на молитву «Внутреннее созерцание в тишине»", "url": "http://newlife.ru/page.php?page=sozercanie" },
{ "date": "1459222210000", "title": "Молитва за социальные сферы общества", "description": "Добро пожаловать на молитву за социальные сферы общества", "url": "http://newlife.ru/page.php?page=httpnewliferumolitvavt" },
{ "date": "1459258210000", "title": "Домашние группы", "description": "Добро пожаловать на домашние группы", "url": "http://newlife.ru/page.php?page=domgr" },
{ "date": "1459305010000", "title": "Молитва поклонения Словом и ходатайство", "description": "Добро пожаловать на молитву поклонения Словом и ходатайство", "url": "http://newlife.ru/page.php?page=ihop" },
{ "date": "1459342810000", "title": "Молодежное служение", "description": "Добро пожаловать на молодежное служение", "url": "http://newlife.ru/page.php?page=youth" },
{ "date": "1459346410000", "title": "Женское служение «Свобода матери»", "description": "Добро пожаловать на женское служение «Свобода матери»", "url": "http://newlife.ru/page.php?page=ghenskoeslughenie" },
{ "date": "1459395010000", "title": "Ходатайственная молитва", "description": "Добро пожаловать на ходатайственную молитву", "url": "http://newlife.ru/page.php?page=hodataystvo" },
{ "date": "1459427410000", "title": "Молитва поклонения Словом и ходатайства", "description": "Добро пожаловать на молитву поклонения Словом и ходатайства", "url": "http://newlife.ru/page.php?page=ihop" },
{ "date": "1459432810000", "title": "Общецерковное богослужение", "description": "Добро пожаловать на общецерковное богослужение", "url": "http://newlife.ru/page.php?page=obshecerkovnye-slugheniya" },
{ "date": "1459481410000", "title": "Молитва «Внутреннее созерцание в тишине»", "description": "Добро пожаловать на молитву «Внутреннее созерцание в тишине»", "url": "http://newlife.ru/page.php?page=sozercanie" },
{ "date": "1459573210000", "title": "Молитва поклонения Словом и ходатайства", "description": "Добро пожаловать на молитву поклонения Словом и ходатайства", "url": "http://newlife.ru/page.php?page=ihop" },
{ "date": "1459663210000", "title": "Воскресное богослужение", "description": "Добро пожаловать на воскресное богослужение", "url": "http://newlife.ru/page.php?page=obshecerkovnye-slugheniya" },
{ "date": "1459740610000", "title": "Молитва «Внутреннее созерцание в тишине»", "description": "Добро пожаловать на молитву «Внутреннее созерцание в тишине»", "url": "http://newlife.ru/page.php?page=sozercanie" },
{ "date": "1459827010000", "title": "Молитва за социальные сферы общества", "description": "Добро пожаловать на молитву за социальные сферы общества", "url": "http://newlife.ru/page.php?page=httpnewliferumolitvavt" },
{ "date": "1459863010000", "title": "Домашние группы", "description": "Добро пожаловать на домашние группы", "url": "http://newlife.ru/page.php?page=domgr" },
{ "date": "1459909810000", "title": "Молитва поклонения Словом и ходатайство", "description": "Добро пожаловать на молитву поклонения Словом и ходатайство", "url": "http://newlife.ru/page.php?page=ihop" },
{ "date": "1459947610000", "title": "Молодежное служение", "description": "Добро пожаловать на молодежное служение", "url": "http://newlife.ru/page.php?page=youth" },
{ "date": "1459951210000", "title": "Женское служение «Свобода матери»", "description": "Добро пожаловать на женское служение «Свобода матери»", "url": "http://newlife.ru/page.php?page=ghenskoeslughenie" },
{ "date": "1459999810000", "title": "Ходатайственная молитва", "description": "Добро пожаловать на ходатайственную молитву", "url": "http://newlife.ru/page.php?page=hodataystvo" },
{ "date": "1460032210000", "title": "Молитва поклонения Словом и ходатайство", "description": "Добро пожаловать на молитву поклонения Словом и ходатайства", "url": "http://newlife.ru/page.php?page=ihop" },
{ "date": "1460037610000", "title": "Общецерковное богослужение", "description": "Добро пожаловать на общецерковное богослужение", "url": "http://newlife.ru/page.php?page=obshecerkovnye-slugheniya" },
{ "date": "1460086210000", "title": "Молитва «Внутреннее созерцание в тишине»", "description": "Добро пожаловать на молитву «Внутреннее созерцание в тишине»", "url": "http://newlife.ru/page.php?page=sozercanie" },
{ "date": "1460178010000", "title": "Молитва поклонения Словом и ходатайство", "description": "Добро пожаловать на молитву поклонения Словом и ходатайства", "url": "http://newlife.ru/page.php?page=ihop" },
{ "date": "1460268010000", "title": "Воскресное богослужение", "description": "Добро пожаловать на воскресное богослужение", "url": "http://newlife.ru/page.php?page=obshecerkovnye-slugheniya" },
{ "date": "1459432810000", "title": "Открытие конференции Re16", "description": "Грандиозное открытие 7-ой ежегодной конференции RE16. Проповедует Сергей Мартюничев! ", "url": "" },{ "date": "1459490410000", "title": "Второй день молодежной конференции RE16", "description": "Следите за официальным хэштегом конференции #Re16", "url": "" },
{ "date": "1459576810000", "title": "Третий день молодежной конференции Re16", "description": "Следите за официальным хэштегом конференции #Re16", "url": "" },
{ "date": "1459663210000", "title": "Закрытие молодежной конференции Re16", "description": "Проповедует Сергей Мартюничев", "url": "" },
{ "date": "1460345410000", "title": "Молитва «Внутреннее созерцание в тишине»", "description": "Добро пожаловать на молитву «Внутреннее созерцание в тишине»", "url": "http://newlife.ru/page.php?page=sozercanie" },
{ "date": "1460431810000", "title": "Молитва за социальные сферы общества", "description": "Добро пожаловать на молитву за социальные сферы общества", "url": "" },
{ "date": "1460467810000", "title": "Домашние группы", "description": "Добро пожаловать на домашние группы", "url": "http://newlife.ru/page.php?page=domgr" },
{ "date": "1460514610000", "title": "Молитва поклонения Словом и ходатайство", "description": "Добро пожаловать на молитву поклонения Словом и ходатайство", "url": "http://newlife.ru/page.php?page=ihop" },
{ "date": "1460552410000", "title": "Молодежное служение", "description": "Добро пожаловать на молодежное служение", "url": "http://newlife.ru/page.php?page=youth" },
{ "date": "1460556010000", "title": "Женское служение «Свобода матери»", "description": "Добро пожаловать на женское служение «Свобода матери»", "url": "http://newlife.ru/page.php?page=ghenskoeslughenie" },
{ "date": "1460604610000", "title": "Ходатайственная молитва", "description": "Добро пожаловать на ходатайственную молитву", "url": "http://newlife.ru/page.php?page=hodataystvo" },
{ "date": "1460637010000", "title": "Молитва поклонения Словом и ходатайство", "description": "Добро пожаловать на молитву поклонения Словом и ходатайства", "url": "http://newlife.ru/page.php?page=ihop" },
{ "date": "1460642410000", "title": "Общецерковное богослужение", "description": "Добро пожаловать на общецерковное богослужение", "url": "http://newlife.ru/page.php?page=obshecerkovnye-slugheniya" },
{ "date": "1460691010000", "title": "Молитва «Внутреннее созерцание в тишине»", "description": "Добро пожаловать на молитву «Внутреннее созерцание в тишине»", "url": "http://newlife.ru/page.php?page=sozercanie" },
{ "date": "1460782810000", "title": "Молитва поклонения Словом и ходатайство", "description": "Добро пожаловать на молитву поклонения Словом и ходатайства", "url": "http://newlife.ru/page.php?page=ihop" },
{ "date": "1460872810000", "title": "Воскресное богослужение", "description": "Добро пожаловать на воскресное богослужение", "url": "http://newlife.ru/page.php?page=obshecerkovnye-slugheniya" },
{ "date": "1460950210000", "title": "Молитва «Внутреннее созерцание в тишине»", "description": "Добро пожаловать на молитву «Внутреннее созерцание в тишине»", "url": "http://newlife.ru/page.php?page=sozercanie" },
{ "date": "1461036610000", "title": "Молитва за социальные сферы общества", "description": "Добро пожаловать на молитву за социальные сферы общества", "url": "http://newlife.ru/page.php?page=httpnewliferumolitvavt" },
{ "date": "1461072610000", "title": "Домашние группы", "description": "Добро пожаловать на домашние группы", "url": "http://newlife.ru/page.php?page=domgr" },
{ "date": "1461119410000", "title": "Молитва поклонения Словом и ходатайство", "description": "Добро пожаловать на молитву поклонения Словом и ходатайство", "url": "http://newlife.ru/page.php?page=ihop" },
{ "date": "1461157210000", "title": "Молодежное служение", "description": "Добро пожаловать на молодежное служение", "url": "http://newlife.ru/page.php?page=youth" },
{ "date": "1461160810000", "title": "Женское служение «Свобода матери»", "description": "Добро пожаловать на женское служение «Свобода матери»", "url": "http://newlife.ru/page.php?page=ghenskoeslughenie" },
{ "date": "1461209410000", "title": "Ходатайственная молитва", "description": "Добро пожаловать на ходатайственную молитву", "url": "http://newlife.ru/page.php?page=hodataystvo" },
{ "date": "1461241810000", "title": "Молитва поклонения Словом и ходатайство", "description": "Добро пожаловать на молитву поклонения Словом и ходатайства", "url": "http://newlife.ru/page.php?page=ihop" },
{ "date": "1461247210000", "title": "Общецерковное богослужение", "description": "Добро пожаловать на общецерковное богослужение", "url": "http://newlife.ru/page.php?page=obshecerkovnye-slugheniya" },
{ "date": "1461295810000", "title": "Молитва «Внутреннее созерцание в тишине»", "description": "Добро пожаловать на молитву «Внутреннее созерцание в тишине»", "url": "http://newlife.ru/page.php?page=sozercanie" },
{ "date": "1461387610000", "title": "Молитва поклонения Словом и ходатайство", "description": "Добро пожаловать на молитву поклонения Словом и ходатайства", "url": "http://newlife.ru/page.php?page=ihop" },
{ "date": "1461477610000", "title": "Воскресное богослужение", "description": "Добро пожаловать на воскресное богослужение", "url": "http://newlife.ru/page.php?page=obshecerkovnye-slugheniya" },
{ "date": "1461555010000", "title": "Молитва «Внутреннее созерцание в тишине»", "description": "Добро пожаловать на молитву «Внутреннее созерцание в тишине»", "url": "http://newlife.ru/page.php?page=sozercanie" },
{ "date": "1461641410000", "title": "Молитва за социальные сферы общества", "description": "Добро пожаловать на молитву за социальные сферы общества", "url": "" },
{ "date": "1461677410000", "title": "Домашние группы", "description": "Добро пожаловать на домашние группы", "url": "http://newlife.ru/page.php?page=domgr" },
{ "date": "1461724210000", "title": "Молитва поклонения Словом и ходатайство", "description": "Добро пожаловать на молитву поклонения Словом и ходатайство", "url": "http://newlife.ru/page.php?page=ihop" },
{ "date": "1461762010000", "title": "Молодежное служение", "description": "Добро пожаловать на молодежное служение", "url": "http://newlife.ru/page.php?page=youth" },
{ "date": "1461765610000", "title": "Женское служение «Свобода матери»", "description": "Добро пожаловать на женское служение «Свобода матери»", "url": "http://newlife.ru/page.php?page=ghenskoeslughenie" },
{ "date": "1461814210000", "title": "Ходатайственная молитва", "description": "Добро пожаловать на ходатайственную молитву", "url": "" },
{ "date": "1461846610000", "title": "Молитва поклонения Словом и ходатайство", "description": "Добро пожаловать на молитву поклонения Словом и ходатайства", "url": "http://newlife.ru/page.php?page=ihop" },
{ "date": "1461852010000", "title": "Общецерковное богослужение", "description": "Добро пожаловать на общецерковное богослужение", "url": "http://newlife.ru/page.php?page=obshecerkovnye-slugheniya" },
{ "date": "1461900610000", "title": "Молитва «Внутреннее созерцание в тишине»", "description": "Добро пожаловать на молитву «Внутреннее созерцание в тишине»", "url": "http://newlife.ru/page.php?page=sozercanie" },
{ "date": "1461992410000", "title": "Молитва поклонения Словом и ходатайство", "description": "Добро пожаловать на молитву поклонения Словом и ходатайства", "url": "http://newlife.ru/page.php?page=ihop" },
{ "date": "1462082410000", "title": "Воскресное богослужение", "description": "Добро пожаловать на воскресное богослужение", "url": "http://newlife.ru/page.php?page=obshecerkovnye-slugheniya" },
{ "date": "1462159810000", "title": "Молитва «Внутреннее созерцание в тишине»", "description": "Добро пожаловать на молитву «Внутреннее созерцание в тишине»", "url": "http://newlife.ru/page.php?page=sozercanie" },
{ "date": "1462246210000", "title": "Молитва за социальные сферы общества", "description": "Добро пожаловать на молитву за социальные сферы общества", "url": "http://newlife.ru/page.php?page=httpnewliferumolitvavt" },
{ "date": "1462282210000", "title": "Домашние группы", "description": "Добро пожаловать на домашние группы", "url": "http://newlife.ru/page.php?page=domgr" },
{ "date": "1462329010000", "title": "Молитва поклонения Словом и ходатайство", "description": "Добро пожаловать на молитву поклонения Словом и ходатайство", "url": "http://newlife.ru/page.php?page=ihop" },
{ "date": "1462366810000", "title": "Молодежное служение", "description": "Добро пожаловать на молодежное служение", "url": "http://newlife.ru/page.php?page=youth" },
{ "date": "1462370410000", "title": "Женское служение «Свобода матери»", "description": "Добро пожаловать на женское служение «Свобода матери»", "url": "http://newlife.ru/page.php?page=ghenskoeslughenie" },
{ "date": "1462419010000", "title": "Ходатайственная молитва", "description": "Добро пожаловать на ходатайственную молитву", "url": "http://newlife.ru/page.php?page=hodataystvo" },
{ "date": "1462451410000", "title": "Молитва поклонения Словом и ходатайство", "description": "Добро пожаловать на молитву поклонения Словом и ходатайства", "url": "http://newlife.ru/page.php?page=ihop" },
{ "date": "1462456810000", "title": "Общецерковное богослужение", "description": "Добро пожаловать на общецерковное богослужение", "url": "http://newlife.ru/page.php?page=obshecerkovnye-slugheniya" },
{ "date": "1462505410000", "title": "Молитва «Внутреннее созерцание в тишине»", "description": "Добро пожаловать на молитву «Внутреннее созерцание в тишине»", "url": "http://newlife.ru/page.php?page=sozercanie" },
{ "date": "1462597210000", "title": "Молитва поклонения Словом и ходатайство", "description": "Добро пожаловать на молитву поклонения Словом и ходатайства", "url": "http://newlife.ru/page.php?page=ihop" },
{ "date": "1462687210000", "title": "Воскресное богослужение", "description": "Добро пожаловать на воскресное богослужение", "url": "http://newlife.ru/page.php?page=obshecerkovnye-slugheniya" },
{ "date": "1462764610000", "title": "Молитва «Внутреннее созерцание в тишине»", "description": "Добро пожаловать на молитву «Внутреннее созерцание в тишине»", "url": "http://newlife.ru/page.php?page=sozercanie" },
{ "date": "1462851010000", "title": "Молитва за социальные сферы общества", "description": "Добро пожаловать на молитву за социальные сферы общества", "url": "http://newlife.ru/page.php?page=httpnewliferumolitvavt" },
{ "date": "1462887010000", "title": "Домашние группы", "description": "Добро пожаловать на домашние группы", "url": "http://newlife.ru/page.php?page=domgr" },
{ "date": "1462933810000", "title": "Молитва поклонения Словом и ходатайство", "description": "Добро пожаловать на молитву поклонения Словом и ходатайство", "url": "http://newlife.ru/page.php?page=ihop" },
{ "date": "1462971610000", "title": "Молодежное служение", "description": "Добро пожаловать на молодежное служение", "url": "http://newlife.ru/page.php?page=youth" },
{ "date": "1462975210000", "title": "Женское служение «Свобода матери»", "description": "Добро пожаловать на женское служение «Свобода матери»", "url": "http://newlife.ru/page.php?page=ghenskoeslughenie" },
{ "date": "1463023810000", "title": "Ходатайственная молитва", "description": "Добро пожаловать на ходатайственную молитву", "url": "http://newlife.ru/page.php?page=hodataystvo" },
{ "date": "1463056210000", "title": "Молитва поклонения Словом и ходатайство", "description": "Добро пожаловать на молитву поклонения Словом и ходатайства", "url": "http://newlife.ru/page.php?page=ihop" },
{ "date": "1463061610000", "title": "Общецерковное богослужение", "description": "Добро пожаловать на общецерковное богослужение", "url": "http://newlife.ru/page.php?page=obshecerkovnye-slugheniya" },
{ "date": "1463110210000", "title": "Молитва «Внутреннее созерцание в тишине»", "description": "Добро пожаловать на молитву «Внутреннее созерцание в тишине»", "url": "http://newlife.ru/page.php?page=sozercanie" },
{ "date": "1463202010000", "title": "Молитва поклонения Словом и ходатайство", "description": "Добро пожаловать на молитву поклонения Словом и ходатайства", "url": "http://newlife.ru/page.php?page=ihop" },
{ "date": "1463292010000", "title": "Воскресное богослужение", "description": "Добро пожаловать на воскресное богослужение", "url": "http://newlife.ru/page.php?page=obshecerkovnye-slugheniya" },
{ "date": "1461592810000", "title": "Богослужение страстной недели", "description": "Добро пожаловать на богослужение", "url": "http://newlife.ru/page.php?page=strastnayanedelya" },
{ "date": "1430056810000", "title": "Богослужение страстной недели ", "description": "Добро пожаловать на богослужение", "url": "http://newlife.ru/page.php?page=strastnayanedelya" },
{ "date": "1461765610000", "title": "Богослужение страстной недели", "description": "Добро пожаловать на богослужение", "url": "http://newlife.ru/page.php?page=strastnayanedelya" },
{ "date": "1461679210000", "title": "Богослужение страстной недели", "description": "Добро пожаловать на богослужение", "url": "http://newlife.ru/page.php?page=strastnayanedelya" },
{ "date": "1461852010000", "title": "Богослужение страстной недели", "description": "Добро пожаловать на богослужение", "url": "http://newlife.ru/page.php?page=strastnayanedelya" },
{ "date": "1461938410000", "title": "Богослужение страстной недели", "description": "Добро пожаловать на богослужение", "url": "http://newlife.ru/page.php?page=strastnayanedelya" },
{ "date": "1463369410000", "title": "Молитва «Внутреннее созерцание в тишине»", "description": "Добро пожаловать на молитву «Внутреннее созерцание в тишине»", "url": "http://newlife.ru/page.php?page=sozercanie" },
{ "date": "1463455810000", "title": "Молитва за социальные сферы общества", "description": "Добро пожаловать на молитву за социальные сферы общества", "url": "http://newlife.ru/page.php?page=httpnewliferumolitvavt" },
{ "date": "1463491810000", "title": "Домашние группы", "description": "Добро пожаловать на домашние группы", "url": "http://newlife.ru/page.php?page=domgr" },
{ "date": "1463538610000", "title": "Молитва поклонения Словом и ходатайство", "description": "Добро пожаловать на молитву поклонения Словом и ходатайство", "url": "http://newlife.ru/page.php?page=ihop" },
{ "date": "1463576410000", "title": "Молодежное служение", "description": "Добро пожаловать на молодежное служение", "url": "http://newlife.ru/page.php?page=youth" },
{ "date": "1463580010000", "title": "Женское служение «Свобода матери»", "description": "Добро пожаловать на женское служение «Свобода матери»", "url": "http://newlife.ru/page.php?page=ghenskoeslughenie" },
{ "date": "1463628610000", "title": "Ходатайственная молитва", "description": "Добро пожаловать на ходатайственную молитву", "url": "http://newlife.ru/page.php?page=hodataystvo" },
{ "date": "1463661010000", "title": "Молитва поклонения Словом и ходатайство", "description": "Добро пожаловать на молитву поклонения Словом и ходатайства", "url": "http://newlife.ru/page.php?page=ihop" },
{ "date": "1463666410000", "title": "Общецерковное богослужение", "description": "Добро пожаловать на общецерковное богослужение", "url": "http://newlife.ru/page.php?page=obshecerkovnye-slugheniya" },
{ "date": "1463715010000", "title": "Молитва «Внутреннее созерцание в тишине»", "description": "Добро пожаловать на молитву «Внутреннее созерцание в тишине»", "url": "http://newlife.ru/page.php?page=sozercanie" },
{ "date": "1463806810000", "title": "Молитва поклонения Словом и ходатайство", "description": "Добро пожаловать на молитву поклонения Словом и ходатайства", "url": "http://newlife.ru/page.php?page=ihop" },
{ "date": "1463896810000", "title": "Воскресное богослужение", "description": "Добро пожаловать на воскресное богослужение", "url": "http://newlife.ru/page.php?page=obshecerkovnye-slugheniya" },
{ "date": "1462082410000", "title": "Пасхальный концерт \"Гора блаженств\"", "description": "Ждем вас по адресу Шейнкмана, 7! Приглашайте родных и близких.", "url": "" },
{ "date": "1463974210000", "title": "Молитва «Внутреннее созерцание в тишине»", "description": "Добро пожаловать на молитву «Внутреннее созерцание в тишине»", "url": "http://newlife.ru/page.php?page=sozercanie" },
{ "date": "1464060610000", "title": "Молитва за социальные сферы общества", "description": "Добро пожаловать на молитву за социальные сферы общества", "url": "http://newlife.ru/page.php?page=httpnewliferumolitvavt" },
{ "date": "1464096610000", "title": "Домашние группы", "description": "Добро пожаловать на домашние группы", "url": "http://newlife.ru/page.php?page=domgr" },
{ "date": "1464143410000", "title": "Молитва поклонения Словом и ходатайство", "description": "Добро пожаловать на молитву поклонения Словом и ходатайство", "url": "http://newlife.ru/page.php?page=ihop" },
{ "date": "1464181210000", "title": "Молодежное служение", "description": "Добро пожаловать на молодежное служение", "url": "http://newlife.ru/page.php?page=youth" },
{ "date": "1464184810000", "title": "Женское служение «Свобода матери»", "description": "Добро пожаловать на женское служение «Свобода матери»", "url": "http://newlife.ru/page.php?page=ghenskoeslughenie" },
{ "date": "1464233410000", "title": "Ходатайственная молитва", "description": "Добро пожаловать на ходатайственную молитву", "url": "http://newlife.ru/page.php?page=hodataystvo" },
{ "date": "1464265810000", "title": "Молитва поклонения Словом и ходатайство", "description": "Добро пожаловать на молитву поклонения Словом и ходатайства", "url": "http://newlife.ru/page.php?page=ihop" },
{ "date": "1464271210000", "title": "Общецерковное богослужение", "description": "Добро пожаловать на общецерковное богослужение", "url": "http://newlife.ru/page.php?page=obshecerkovnye-slugheniya" },
{ "date": "1464319810000", "title": "Молитва «Внутреннее созерцание в тишине»", "description": "Добро пожаловать на молитву «Внутреннее созерцание в тишине»", "url": "http://newlife.ru/page.php?page=sozercanie" },
{ "date": "1464411610000", "title": "Молитва поклонения Словом и ходатайство", "description": "Добро пожаловать на молитву поклонения Словом и ходатайства", "url": "http://newlife.ru/page.php?page=ihop" },
{ "date": "1464501610000", "title": "Воскресное богослужение", "description": "Добро пожаловать на воскресное богослужение", "url": "http://newlife.ru/page.php?page=obshecerkovnye-slugheniya" },
{ "date": "1464579010000", "title": "Молитва «Внутреннее созерцание в тишине»", "description": "Добро пожаловать на молитву «Внутреннее созерцание в тишине»", "url": "http://newlife.ru/page.php?page=sozercanie" },
{ "date": "1464665410000", "title": "Молитва за социальные сферы общества", "description": "Добро пожаловать на молитву за социальные сферы общества", "url": "http://newlife.ru/page.php?page=httpnewliferumolitvavt" },
{ "date": "1464701410000", "title": "Домашние группы", "description": "Добро пожаловать на домашние группы", "url": "http://newlife.ru/page.php?page=domgr" },
{ "date": "1464748210000", "title": "Молитва поклонения Словом и ходатайство", "description": "Добро пожаловать на молитву поклонения Словом и ходатайство", "url": "http://newlife.ru/page.php?page=ihop" },
{ "date": "1464786010000", "title": "Молодежное служение", "description": "Добро пожаловать на молодежное служение", "url": "http://newlife.ru/page.php?page=youth" },
{ "date": "1464789610000", "title": "Женское служение «Свобода матери»", "description": "Добро пожаловать на женское служение «Свобода матери»", "url": "http://newlife.ru/page.php?page=ghenskoeslughenie" },
{ "date": "1464838210000", "title": "Ходатайственная молитва", "description": "Добро пожаловать на ходатайственную молитву", "url": "http://newlife.ru/page.php?page=hodataystvo" },
{ "date": "1464870610000", "title": "Молитва поклонения Словом и ходатайство", "description": "Добро пожаловать на молитву поклонения Словом и ходатайства", "url": "http://newlife.ru/page.php?page=ihop" },
{ "date": "1464876010000", "title": "Общецерковное богослужение", "description": "Добро пожаловать на общецерковное богослужение", "url": "http://newlife.ru/page.php?page=obshecerkovnye-slugheniya" },
{ "date": "1464924610000", "title": "Молитва «Внутреннее созерцание в тишине»", "description": "Добро пожаловать на молитву «Внутреннее созерцание в тишине»", "url": "http://newlife.ru/page.php?page=sozercanie" },
{ "date": "1465016410000", "title": "Молитва поклонения Словом и ходатайство", "description": "Добро пожаловать на молитву поклонения Словом и ходатайства", "url": "http://newlife.ru/page.php?page=ihop" },
{ "date": "1465106410000", "title": "Воскресное богослужение", "description": "Добро пожаловать на воскресное богослужение", "url": "http://newlife.ru/page.php?page=obshecerkovnye-slugheniya" },
{ "date": "1465183810000", "title": "Молитва «Внутреннее созерцание в тишине»", "description": "Добро пожаловать на молитву «Внутреннее созерцание в тишине»", "url": "http://newlife.ru/page.php?page=sozercanie" },
{ "date": "1465270210000", "title": "Молитва за социальные сферы общества", "description": "Добро пожаловать на молитву за социальные сферы общества", "url": "http://newlife.ru/page.php?page=httpnewliferumolitvavt" },
{ "date": "1465306210000", "title": "Домашние группы", "description": "Добро пожаловать на домашние группы", "url": "http://newlife.ru/page.php?page=domgr" },
{ "date": "1465353010000", "title": "Молитва поклонения Словом и ходатайство", "description": "Добро пожаловать на молитву поклонения Словом и ходатайство", "url": "http://newlife.ru/page.php?page=ihop" },
{ "date": "1465390810000", "title": "Молодежное служение", "description": "Добро пожаловать на молодежное служение", "url": "http://newlife.ru/page.php?page=youth" },
{ "date": "1465394410000", "title": "Женское служение «Свобода матери»", "description": "Добро пожаловать на женское служение «Свобода матери»", "url": "http://newlife.ru/page.php?page=ghenskoeslughenie" },
{ "date": "1465443010000", "title": "Ходатайственная молитва", "description": "Добро пожаловать на ходатайственную молитву", "url": "http://newlife.ru/page.php?page=hodataystvo" },
{ "date": "1465475410000", "title": "Молитва поклонения Словом и ходатайство", "description": "Добро пожаловать на молитву поклонения Словом и ходатайства", "url": "http://newlife.ru/page.php?page=ihop" },
{ "date": "1465480810000", "title": "Общецерковное богослужение", "description": "Добро пожаловать на общецерковное богослужение", "url": "http://newlife.ru/page.php?page=obshecerkovnye-slugheniya" },
{ "date": "1465529410000", "title": "Молитва «Внутреннее созерцание в тишине»", "description": "Добро пожаловать на молитву «Внутреннее созерцание в тишине»", "url": "http://newlife.ru/page.php?page=sozercanie" },
{ "date": "1465621210000", "title": "Молитва поклонения Словом и ходатайство", "description": "Добро пожаловать на молитву поклонения Словом и ходатайства", "url": "http://newlife.ru/page.php?page=ihop" },
{ "date": "1465711210000", "title": "Воскресное богослужение", "description": "Добро пожаловать на воскресное богослужение", "url": "http://newlife.ru/page.php?page=obshecerkovnye-slugheniya" },
{ "date": "1465788610000", "title": "Молитва «Внутреннее созерцание в тишине»", "description": "Добро пожаловать на молитву «Внутреннее созерцание в тишине»", "url": "http://newlife.ru/page.php?page=sozercanie" },
{ "date": "1465875010000", "title": "Молитва за социальные сферы общества", "description": "Добро пожаловать на молитву за социальные сферы общества", "url": "http://newlife.ru/page.php?page=httpnewliferumolitvavt" },
{ "date": "1465911010000", "title": "Домашние группы", "description": "Добро пожаловать на домашние группы", "url": "http://newlife.ru/page.php?page=domgr" },
{ "date": "1465957810000", "title": "Молитва поклонения Словом и ходатайство", "description": "Добро пожаловать на молитву поклонения Словом и ходатайство", "url": "http://newlife.ru/page.php?page=ihop" },
{ "date": "1465995610000", "title": "Молодежное служение", "description": "Добро пожаловать на молодежное служение", "url": "http://newlife.ru/page.php?page=youth" },
{ "date": "1465999210000", "title": "Женское служение «Свобода матери»", "description": "Добро пожаловать на женское служение «Свобода матери»", "url": "http://newlife.ru/page.php?page=ghenskoeslughenie" },
{ "date": "1466047810000", "title": "Ходатайственная молитва", "description": "Добро пожаловать на ходатайственную молитву", "url": "http://newlife.ru/page.php?page=hodataystvo" },
{ "date": "1466080210000", "title": "Молитва поклонения Словом и ходатайство", "description": "Добро пожаловать на молитву поклонения Словом и ходатайства", "url": "http://newlife.ru/page.php?page=ihop" },
{ "date": "1466085610000", "title": "Общецерковное богослужение", "description": "Добро пожаловать на общецерковное богослужение", "url": "http://newlife.ru/page.php?page=obshecerkovnye-slugheniya" },
{ "date": "1466134210000", "title": "Молитва «Внутреннее созерцание в тишине»", "description": "Добро пожаловать на молитву «Внутреннее созерцание в тишине»", "url": "http://newlife.ru/page.php?page=sozercanie" },
{ "date": "1466226010000", "title": "Молитва поклонения Словом и ходатайство", "description": "Добро пожаловать на молитву поклонения Словом и ходатайства", "url": "http://newlife.ru/page.php?page=ihop" },
{ "date": "1466316010000", "title": "Воскресное богослужение", "description": "Добро пожаловать на воскресное богослужение", "url": "http://newlife.ru/page.php?page=obshecerkovnye-slugheniya" },
{ "date": "1466393410000", "title": "Молитва «Внутреннее созерцание в тишине»", "description": "Добро пожаловать на молитву «Внутреннее созерцание в тишине»", "url": "http://newlife.ru/page.php?page=sozercanie" },
{ "date": "1466431210000", "title": "Альфа - курс", "description": "Уникальная возможность обсудить духовные темы во внецерковной обстановке", "url": "" },
{ "date": "1466479810000", "title": "Молитва за социальные сферы общества", "description": "Добро пожаловать на молитву за социальные сферы общества", "url": "http://newlife.ru/page.php?page=httpnewliferumolitvavt" },
{ "date": "1466515810000", "title": "Домашние группы", "description": "Добро пожаловать на домашние группы", "url": "http://newlife.ru/page.php?page=domgr" },
{ "date": "1466562610000", "title": "Молитва поклонения Словом и ходатайство", "description": "Добро пожаловать на молитву поклонения Словом и ходатайство", "url": "http://newlife.ru/page.php?page=ihop" },
{ "date": "1466600410000", "title": "Молодежное служение", "description": "Добро пожаловать на молодежное служение", "url": "http://newlife.ru/page.php?page=youth" },
{ "date": "1466604010000", "title": "Женское служение «Свобода матери»", "description": "Добро пожаловать на женское служение «Свобода матери»", "url": "http://newlife.ru/page.php?page=ghenskoeslughenie" },
{ "date": "1466652610000", "title": "Ходатайственная молитва", "description": "Добро пожаловать на ходатайственную молитву", "url": "http://newlife.ru/page.php?page=hodataystvo" },
{ "date": "1466685010000", "title": "Молитва поклонения Словом и ходатайство", "description": "Добро пожаловать на молитву поклонения Словом и ходатайства", "url": "http://newlife.ru/page.php?page=ihop" },
{ "date": "1466690410000", "title": "Общецерковное богослужение", "description": "Добро пожаловать на общецерковное богослужение", "url": "http://newlife.ru/page.php?page=obshecerkovnye-slugheniya" },
{ "date": "1466739010000", "title": "Молитва «Внутреннее созерцание в тишине»", "description": "Добро пожаловать на молитву «Внутреннее созерцание в тишине»", "url": "http://newlife.ru/page.php?page=sozercanie" },
{ "date": "1466830810000", "title": "Молитва поклонения Словом и ходатайство", "description": "Добро пожаловать на молитву поклонения Словом и ходатайства", "url": "http://newlife.ru/page.php?page=ihop" },
{ "date": "1466920810000", "title": "Воскресное богослужение", "description": "Добро пожаловать на воскресное богослужение", "url": "http://newlife.ru/page.php?page=obshecerkovnye-slugheniya" },
{ "date": "1466998210000", "title": "Молитва «Внутреннее созерцание в тишине»", "description": "Добро пожаловать на молитву «Внутреннее созерцание в тишине»", "url": "http://newlife.ru/page.php?page=sozercanie" },
{ "date": "1467036010000", "title": "Альфа - курс", "description": "Уникальная возможность обсудить духовные темы во внецерковной обстановке", "url": "" },
{ "date": "1467084610000", "title": "Молитва за социальные сферы общества", "description": "Добро пожаловать на молитву за социальные сферы общества", "url": "http://newlife.ru/page.php?page=httpnewliferumolitvavt" },
{ "date": "1467120610000", "title": "Домашние группы", "description": "Добро пожаловать на домашние группы", "url": "http://newlife.ru/page.php?page=domgr" },
{ "date": "1467167410000", "title": "Молитва поклонения Словом и ходатайство", "description": "Добро пожаловать на молитву поклонения Словом и ходатайство", "url": "http://newlife.ru/page.php?page=ihop" },
{ "date": "1467205210000", "title": "Молодежное служение", "description": "Добро пожаловать на молодежное служение", "url": "http://newlife.ru/page.php?page=youth" },
{ "date": "1467208810000", "title": "Женское служение «Свобода матери»", "description": "Добро пожаловать на женское служение «Свобода матери»", "url": "http://newlife.ru/page.php?page=ghenskoeslughenie" },
{ "date": "1467257410000", "title": "Ходатайственная молитва", "description": "Добро пожаловать на ходатайственную молитву", "url": "http://newlife.ru/page.php?page=hodataystvo" },
{ "date": "1467289810000", "title": "Молитва поклонения Словом и ходатайство", "description": "Добро пожаловать на молитву поклонения Словом и ходатайства", "url": "http://newlife.ru/page.php?page=ihop" },
{ "date": "1467295210000", "title": "Общецерковное богослужение", "description": "Добро пожаловать на общецерковное богослужение", "url": "http://newlife.ru/page.php?page=obshecerkovnye-slugheniya" },
{ "date": "1467343810000", "title": "Молитва «Внутреннее созерцание в тишине»", "description": "Добро пожаловать на молитву «Внутреннее созерцание в тишине»", "url": "http://newlife.ru/page.php?page=sozercanie" },
{ "date": "1467435610000", "title": "Молитва поклонения Словом и ходатайство", "description": "Добро пожаловать на молитву поклонения Словом и ходатайства", "url": "http://newlife.ru/page.php?page=ihop" },
{ "date": "1467525610000", "title": "Воскресное богослужение", "description": "Добро пожаловать на воскресное богослужение", "url": "http://newlife.ru/page.php?page=obshecerkovnye-slugheniya" },
{ "date": "1665306310000", "title": "праздник пельменей", "description": "Очень Вкусные Пельмени", "url": "http://192.168.1.3/user/Desktop/3site" }
{ "date": "1665802510000", "title": "646", "description": "456456564", "url": "" }